ÇבזÖÚ ÇבÑÇוה בבדÑÇ‗Ò ÇבÍÖÑםÉ 2023;
ÇÓד ÇבÌוÉ;ÚÏÏ ÇבדÑÇ‗Ò ÇבÍÖÇÑםÉ
ÃדÇהÉ ÇבÚÇÕדÉ ÇבדÞÏÓÉ;4
ÃדÇהÉ דהØÞÉ ÇבדÏםהÉ ÇבדהזÑו;12
ÃדÇהÉ דהØÞÉ ÇבÑםÇÖ;48
ÃדÇהÉ דÍÇÝÙÉ  ÌÏו;17
ÃדÇהÉ ÇבדהØÞÉ ÇבÔÑÞםÉ;10
ÃדÇהÉ דהØÞÉ ÚÓםÑ;37
ÃדÇהÉ דהØÞÉ ÇבÞÕםד;21
ÃדÇהÉ דהØÞÉ ÌÇÒÇה;14
ÃדÇהÉ דהØÞÉ ÇבÌזÝ;14
ÃדÇהÉ דהØÞÉ  ÊÈז‗;9
ÃדÇהÉ דהØÞÉ ÍÇÆב;18
ÃדÇהÉ דהØÞÉ ÇבÍÏזÏ ÇבÔדÇבםו;9
ÃדÇהÉ דהØÞÉ ÇבÈÇÍÉ;7
ÃדÇהÉ דהØÞÉ הÌÑÇה;16
ÃדÇהÉ דÍÇÝÙÉ ÇבØÇÆÝ;16
ÃדÇהÉ דÍÇÝÙÉ ÇבÇÍÓÇÁ;3
ÃדÇהÉ דÍÇÝÙÉ ÍÝÑ ÇבÈÇØה;2
ÇבÃÌדÇבם ÇבÚÇד;257
;
;
;
;
;
;
;
;
;
;
;
;
;
;
;
;
;
;
;
;
;
;
;
;
;
;
;
;
;
;
;
;
;
;
;
;
;
;
;
;
;
;
;
;
;
;
;
