דßַÊָ ַב־ֿדַÊ בבÚַד Úַד 2023;;;
ד;ַבּוֹ;Úֿֿ דßַÊָ ַב־ֿדַÊ;Úֿֿ ַבָבֿםַÊ ַבÝׁÚםֹ
1;ֳדַהֹ ַבÚַױדֹ ַבדÞֿ׃ֹ;3;13
2;ֳדַהֹ דה״Þֹ ַבדֿםהֹ ַבדהזׁו;29;5
3;ֳדַהֹ דה״Þֹ ַבׁםַײ;70;24
4;ֳדַהֹ דַֽÝÙֹ  ּֿו;16;16
5;ֳדַהֹ ַבדה״Þֹ ַבװׁÞםֹ;21;13
6;ֳדַהֹ דה״Þֹ Ú׃םׁ;43;14
7;ֳדַהֹ דה״Þֹ ַבÞױםד;20;5
8;ֳדַהֹ דה״Þֹ ַַּׂה;20;0
9;ֳדַהֹ דה״Þֹ ַבּזÝ;9;3
10;ֳדַהֹ דה״Þֹ  Êָזß;23;4
11;ֳדַהֹ דה״Þֹ ֶַֽב;59;3
12;ֳדַהֹ דה״Þֹ ַבֽֿזֿ ַבװדַבםו;1;3
13;ֳדַהֹ דה״Þֹ ַבַָֹֽ;13;1
14;ֳדַהֹ דה״Þֹ הַּׁה;17;4
15;ֳדַהֹ דַֽÝÙֹ ַב״ֶַÝ;19;9
16;ֳדַהֹ דַֽÝÙֹ ַבַֽ׃ֱַ;1;9
17;ֳדַהֹ דַֽÝÙֹ ֽÝׁ ַבַָ״ה;0;3
;ַבַּדַבם;364;129
;;;
ָבÛ ֵּדַבם Úֿֿ ַבָבֿםַÊ ַבÝׁÚםֹ בבֳּוֹׂ ַבָבֿםֹ 129 ָבֿםֹ ÝׁÚםֹ Úבל ד׃Êזל ַבÞ״ַÚ ַבָבֿם¡ ßדַ ָבÛ Úֿֿ ַבדßַÊָ ַב־ֿדַÊ ַבÊם ַהװֳוַ ַבÞ״ַÚ ַבָבֿם ־ַּׁ ה״ַÞ ַבדֿה ב־ֿדֹ ַב׃ßַה Ýם ַבÞׁל 364 דßÊָ ־ֿדם Úבל ד׃Êזל  ַבדדבßֹ ¡ֽםֻ ַהוַ ÊÞֿד ָÚײ ־ֿדַÊ ַבÞ״ַÚ דֻב ( ַבַװַׁÝ Úבל ַÚדַב ַבהÙַÝֹ - דַׁÞָֹ ַבַ׃זַÞ- דַׁÞָֹ ַבÊÚֿםַÊ- ׁם ַבדׁׂזÚַÊ- דßַÝֹֽ ַבֽװַׁÊ  ÜÜ ֳ׃ÊÞַָב דּׁÚםה....ַב־);;;
